day_name,avg_daily_revenue,avg_daily_transactions,total_revenue
Friday,13578.879592937714,687,27687335.49
Monday,12638.144829545454,712,26691761.88
Saturday,13104.56260981912,761,30428794.38
Sunday,13076.45299475441,703,27421321.93
Thursday,13010.077575213292,737,28973442.76
Tuesday,13069.241772093023,711,28098869.81
Wednesday,12945.486179176756,689,26732428.96
