payment_method,transaction_count,total_revenue,pct_of_revenue
Cash on Delivery,1029,38530175.81,19.654847941380783
Credit Card,1021,39351148.45,20.07363898149449
Debit Card,992,42176792.99,21.515044648677527
Net Banking,1012,38362496.88,19.56931228516226
UPI,946,37613341.08,19.187156143284962
