discount_range,avg_discount_pct,total_quantity_sold,total_revenue,avg_line_total
0-10%,7.50331389183457,15126,97866187.33,12972.718362937434
11-25%,15.0,7441,49719424.0,13361.844665412524
26-50%,,0,0.0,
50%+,,0,0.0,
