category,total_revenue,total_profit,units_sold,profit_margin_pct
Beauty,18447213.1,4472182.62,5547,24.24313415667107
Books,5547287.69,1416434.55,5114,25.533821736943302
Clothing,12077626.39,3208450.2600000002,4708,26.565238536079605
Electronics,113109679.36,30086309.03,4371,26.599234654571653
Home & Kitchen,25206719.18,6278282.93,4874,24.90718004658629
Sports,21645429.49,5702615.31,5433,26.34558631712325
